Transaction_ID,Date,Department,Region,Account,Amount,Type
TXN00001,19/5/2025,Marketing,Southern,Campaign Revenue,33483,Revenue
TXN00002,2/2/2025,HR,Central,Salary Expense,12878,Cost
TXN00003,19/1/2025,Operations,Northern,Maintenance Expense,9340,Cost
TXN00004,5/4/2025,Operations,Northern,Logistics Expense,17727,Cost
TXN00005,19/3/2024,Marketing,Central,Campaign Revenue,58427,Revenue
TXN00006,24/9/2025,Sales,Northern,Product Sales,28035,Revenue
TXN00007,15/1/2024,Marketing,Southern,Campaign Revenue,39515,Revenue
TXN00008,11/8/2025,Finance,Northern,Service Revenue,44424,Revenue
TXN00009,18/1/2024,Marketing,Southern,Advertising Expense,7993,Cost
TXN00010,28/11/2024,Marketing,Central,Campaign Revenue,8825,Revenue
TXN00010,28/11/2024,Marketing,Central,Campaign Revenue,8825,Revenue
TXN00012,5/3/2025,HR,Northern,Training Expense,17329,Cost
TXN00013,6/10/2025,Sales,Southern,Product Sales,36690,Revenue
TXN00014,24/4/2025,Finance,Northern,Audit Expense,10403,Cost
TXN00015,7/8/2024,HR,Southern,Training Expense,18100,Cost
TXN00016,24/4/2025,Operations,Central,Logistics Expense,16518,Cost
TXN00017,6/10/2025,Marketing,Southern,Campaign Revenue,43346,Revenue
TXN00018,26/7/2024,Marketing,Southern,Campaign Revenue,62418,Revenue
TXN00019,29/7/2024,Marketing,Central,Campaign Revenue,48588,Revenue
TXN00020,12/10/2025,HR,Northern,Salary Expense,13063,Cost
TXN00021,8/3/2025,Marketing,Southern,Campaign Revenue,,Revenue
TXN00022,10/6/2025,Sales,Northern,Product Sales,45001,Revenue
TXN00023,27/6/2024,Finance,Central,Audit Expense,28339,Cost
TXN00024,13/2/2024,HR,Central,Salary Expense,26724,Cost
TXN00025,27/2/2025,Finance,Central,Consulting Revenue,14383,Revenue
TXN00026,27/7/2024,Marketing,Southern,Advertising Expense,26820,Cost
TXN00027,11/11/2024,HR,Northern,Training Expense,27518,Cost
TXN00028,30/12/2025,Sales,Southern,Commission Expense,7826,Cost
TXN00029,28/7/2024,Operations,Southern,Maintenance Expense,10314,Cost
TXN00030,26/7/2024,Operations,Northern,Logistics Expense,20145,Cost
TXN00031,28/2/2025,sales,Southern,Consulting Revenue,49120,Revenue
TXN00032,19/3/2025, SALES ,Central,Training Expense,6490,Cost
TXN00033,21/8/2024,Sales,Northern,Commission Expense,20567,Cost
TXN00034,1/1/2024,Marketing,Northern,Campaign Revenue,12921,Revenue
TXN00035,7/3/2024,Operations,Central,Maintenance Expense,22763,Cost
TXN00036,12/12/2024,Marketing,Central,Campaign Revenue,38428,Revenue
TXN00037,18/5/2025,Sales,Southern,Commission Expense,24769,Cost
TXN00038,29/9/2025,Finance,Central,Service Revenue,51340,Revenue
TXN00039,3/4/2024,Operations,Central,Logistics Expense,5915,Cost
TXN00040,22/10/2025,HR,Central,Salary Expense,21348,Cost
TXN00041,18/6/2025,HR,Northern,Training Expense,-15000,Revenue
TXN00042,27/1/2024,HR,Northern,Training Expense,26713,Cost
TXN00043,13/1/2025,Finance,Northern,Software Subscription,6875,Cost
TXN00044,15/9/2025,Marketing,Northern,Advertising Expense,23162,Cost
TXN00045,23/7/2025,Sales,Southern,Commission Expense,13886,Cost
TXN00046,7/9/2024,HR,Central,Training Expense,12414,Cost
TXN00047,15/8/2025,Finance,Northern,Service Revenue,50319,Revenue
TXN00048,10/8/2024,Marketing,Northern,Campaign Revenue,59005,Revenue
TXN00049,23/3/2024,Sales,Southern,Product Sales,25949,Revenue
TXN00050,30/10/2025,Operations,Central,Logistics Expense,8239,Cost
TXN00051,1/12/2024,Marketing,,Advertising Expense,24965,Cost
TXN00052,9/7/2024,Finance,Northern,Software Subscription,15226,Cost
TXN00053,6/4/2025,Marketing,Central,Advertising Expense,27497,Cost
TXN00054,26/10/2025,Marketing,Southern,Advertising Expense,24413,Cost
TXN00055,12/12/2025,HR,Northern,Salary Expense,23194,Cost
TXN00056,20/8/2024,Finance,Northern,Service Revenue,46606,Revenue
TXN00057,18/8/2025,Operations,Northern,Logistics Expense,22754,Cost
TXN00058,7/4/2025,Operations,Central,Logistics Expense,29545,Cost
TXN00059,21/4/2025,Finance,Central,Consulting Revenue,60955,Revenue
TXN00060,11/12/2024,Sales,Central,Commission Expense,13768,Cost
TXN00061,20/8/2024,Finance,Northern,Service Revenue,64149,Revenue
TXN00062,24/1/2024,Finance,Central,Consulting Revenue,46662,Revenue
TXN00063,30/11/2025,HR,Southern,Salary Expense,26677,Cost
TXN00064,5/5/2024,Marketing,Central,Campaign Revenue,18875,Revenue
TXN00065,23/6/2025,Finance,Central,Audit Expense,23350,Cost
TXN00066,30/11/2024,Sales,Central,Product Sales,34348,Revenue
TXN00067,28/5/2024,Finance,Central,Audit Expense,12437,Cost
TXN00068,26/5/2024,Sales,Central,Commission Expense,12952,Cost
TXN00069,27/10/2024,Marketing,Southern,Advertising Expense,14100,Cost
TXN00070,10/8/2025,Finance,Northern,Audit Expense,10376,Cost
TXN00071,26/5/2025,Operations,Southern,Maintenance Expense,16264,Cost
TXN00072,28/5/2024,Marketing,Central,Campaign Revenue,64612,Revenue
TXN00073,23/6/2024,HR,Central,Training Expense,26528,Cost
TXN00074,7/2/2024,Operations,Southern,Logistics Expense,21281,Cost
TXN00075,3/7/2024,Finance,Northern,Software Subscription,12633,Cost
TXN00076,16/11/2024,HR,Southern,Training Expense,23698,Cost
TXN00077,13/10/2024,HR,Southern,Salary Expense,16512,Cost
TXN00078,30/1/2024,Operations,Northern,Logistics Expense,17987,Cost
TXN00079,7/11/2024,Operations,Northern,Logistics Expense,15666,Cost
TXN00080,10/8/2024,Finance,Southern,Consulting Revenue,42930,Revenue
TXN00081,30/9/2025,Operations,Central,Logistics Expense,23757,Cost
TXN00082,9/4/2025,HR,Northern,Training Expense,7267,Cost
TXN00083,20/10/2025,Finance,Northern,Audit Expense,24213,Cost
TXN00084,18/3/2024,Sales,Southern,Commission Expense,5294,Cost
TXN00085,19/10/2025,Operations,Central,Maintenance Expense,9051,Cost
TXN00086,20/1/2025,HR,Central,Salary Expense,10215,Cost
TXN00087,10/12/2025,Operations,Central,Logistics Expense,13562,Cost
TXN00088,14/6/2025,Finance,Northern,Consulting Revenue,24435,Revenue
TXN00089,24/6/2024,Marketing,Southern,Campaign Revenue,45881,Revenue
TXN00090,31/8/2025,Marketing,Central,Campaign Revenue,54475,Revenue
TXN00091,5/1/2025,HR,Northern,Salary Expense,24605,Cost
TXN00092,8/7/2024,Operations,Central,Maintenance Expense,21164,Cost
TXN00093,22/2/2024,Marketing,Northern,Advertising Expense,12445,Cost
TXN00094,9/5/2024,Marketing,Central,Campaign Revenue,9297,Revenue
TXN00095,3/2/2024,HR,Southern,Salary Expense,6437,Cost
TXN00096,5/2/2025,Sales,Central,Commission Expense,10353,Cost
TXN00097,15/4/2024,HR,Northern,Training Expense,26675,Cost
TXN00098,3/3/2024,HR,Southern,Salary Expense,13284,Cost
TXN00099,2/1/2024,Marketing,Northern,Campaign Revenue,45276,Revenue
TXN00100,18/4/2025,Sales,Central,Product Sales,11800,Revenue
TXN00101,6/2/2024,Operations,Southern,Maintenance Expense,22113,Cost
TXN00102,19/4/2025,Marketing,Central,Campaign Revenue,43266,Revenue
TXN00103,16/12/2024,HR,Central,Salary Expense,24501,Cost
TXN00104,10/1/2025,HR,Central,Salary Expense,9515,Cost
TXN00105,25/8/2024,Sales,Southern,Commission Expense,8654,Cost
TXN00106,28/10/2025,Marketing,Southern,Campaign Revenue,35822,Revenue
TXN00107,1/5/2025,Marketing,Southern,Advertising Expense,6682,Cost
TXN00108,9/3/2025,HR,Central,Training Expense,10930,Cost
TXN00109,6/8/2025,Finance,Southern,Service Revenue,28885,Revenue
TXN00110,23/8/2024,Marketing,Southern,Campaign Revenue,35628,Revenue
TXN00111,27/9/2025,Marketing,Central,Campaign Revenue,10515,Revenue
TXN00112,13/12/2024,Finance,Southern,Audit Expense,20315,Cost
TXN00113,12/6/2024,Sales,Northern,Commission Expense,11322,Cost
TXN00114,6/9/2024,HR,Central,Salary Expense,17120,Cost
TXN00115,7/8/2025,HR,Northern,Salary Expense,28336,Cost
TXN00116,8/7/2025,HR,Central,Training Expense,14302,Cost
TXN00117,26/11/2025,Marketing,Southern,Advertising Expense,22491,Cost
TXN00118,20/9/2024,HR,Central,Training Expense,7604,Cost
TXN00119,19/1/2024,HR,Central,Salary Expense,29889,Cost
TXN00120,4/8/2025,Operations,Central,Maintenance Expense,21990,Cost
TXN00121,7/6/2024,HR,Northern,Training Expense,25138,Cost
TXN00122,6/1/2025,Operations,Southern,Logistics Expense,16409,Cost
TXN00123,2/11/2025,Operations,Central,Maintenance Expense,26325,Cost
TXN00124,3/6/2025,Marketing,Northern,Advertising Expense,22696,Cost
TXN00125,16/6/2024,Operations,Northern,Maintenance Expense,27806,Cost
TXN00126,31/3/2025,Marketing,Central,Campaign Revenue,40827,Revenue
TXN00127,2/1/2025,Sales,Southern,Product Sales,37748,Revenue
TXN00128,20/8/2025,Sales,Central,Product Sales,45762,Revenue
TXN00129,28/6/2024,Finance,Southern,Consulting Revenue,30662,Revenue
TXN00130,28/10/2025,Marketing,Northern,Campaign Revenue,20823,Revenue
TXN00131,6/3/2024,Marketing,Northern,Campaign Revenue,37448,Revenue
TXN00132,10/10/2024,Finance,Central,Audit Expense,18048,Cost
TXN00133,14/6/2024,Operations,Central,Logistics Expense,17419,Cost
TXN00134,5/2/2025,Finance,Southern,Software Subscription,28656,Cost
TXN00135,2/10/2025,Operations,Northern,Logistics Expense,13540,Cost
TXN00136,31/1/2024,Operations,Southern,Maintenance Expense,7420,Cost
TXN00137,19/9/2025,Operations,Northern,Maintenance Expense,5798,Cost
TXN00138,21/2/2025,Marketing,Northern,Campaign Revenue,36414,Revenue
TXN00139,7/6/2025,Marketing,Northern,Campaign Revenue,27488,Revenue
TXN00140,6/5/2024,Finance,Southern,Service Revenue,31438,Revenue
TXN00141,28/9/2024,Sales,Northern,Commission Expense,19777,Cost
TXN00142,14/4/2024,Marketing,Southern,Campaign Revenue,11643,Revenue
TXN00143,17/8/2024,Sales,Central,Product Sales,56917,Revenue
TXN00144,28/3/2025,Operations,Southern,Maintenance Expense,23147,Cost
TXN00145,26/12/2024,Operations,Northern,Logistics Expense,10573,Cost
TXN00146,23/2/2024,Operations,Southern,Logistics Expense,16409,Cost
TXN00147,31/3/2024,HR,Central,Salary Expense,23995,Cost
TXN00148,15/12/2024,HR,Southern,Salary Expense,28176,Cost
TXN00149,26/2/2025,Sales,Central,Product Sales,33640,Revenue
TXN00150,3/1/2025,Sales,Southern,Commission Expense,10789,Cost
TXN00151,16/5/2024,Marketing,Southern,Advertising Expense,24038,Cost
TXN00152,22/1/2024,Sales,Central,Product Sales,45633,Revenue
TXN00153,1/7/2024,HR,Northern,Salary Expense,14202,Cost
TXN00154,24/3/2025,Finance,Central,Audit Expense,10860,Cost
TXN00155,20/2/2024,Operations,Southern,Logistics Expense,24574,Cost
TXN00156,19/11/2025,Marketing,Southern,Advertising Expense,16508,Cost
TXN00157,11/12/2024,Finance,Central,Consulting Revenue,64106,Revenue
TXN00158,17/10/2025,Operations,Central,Logistics Expense,28122,Cost
TXN00159,2/9/2025,HR,Central,Training Expense,22814,Cost
TXN00160,10/9/2024,HR,Southern,Salary Expense,22239,Cost
TXN00161,1/4/2024,Marketing,Central,Campaign Revenue,56557,Revenue
TXN00162,11/12/2024,Marketing,Southern,Campaign Revenue,46411,Revenue
TXN00163,1/5/2025,HR,Northern,Salary Expense,6239,Cost
TXN00164,6/10/2024,HR,Central,Salary Expense,8602,Cost
TXN00165,9/10/2025,Sales,Southern,Product Sales,15733,Revenue
TXN00166,27/3/2024,Marketing,Northern,Advertising Expense,19549,Cost
TXN00167,7/7/2024,Sales,Central,Product Sales,37111,Revenue
TXN00168,19/1/2025,Sales,Southern,Product Sales,62010,Revenue
TXN00169,1/8/2024,Operations,Northern,Logistics Expense,11963,Cost
TXN00170,14/1/2025,Operations,Central,Maintenance Expense,25217,Cost
TXN00171,27/5/2025,Operations,Northern,Maintenance Expense,17676,Cost
TXN00172,24/9/2024,Operations,Central,Maintenance Expense,29077,Cost
TXN00173,15/3/2025,HR,Central,Salary Expense,19687,Cost
TXN00174,7/8/2025,Operations,Northern,Logistics Expense,6684,Cost
TXN00175,30/7/2025,Finance,Southern,Consulting Revenue,63442,Revenue
TXN00176,31/10/2025,Sales,Northern,Product Sales,25565,Revenue
TXN00177,4/6/2025,Finance,Northern,Consulting Revenue,9179,Revenue
TXN00178,13/7/2025,Finance,Southern,Software Subscription,29490,Cost
TXN00179,3/7/2024,HR,Southern,Salary Expense,16796,Cost
TXN00180,26/4/2025,Sales,Southern,Product Sales,30921,Revenue
TXN00181,24/8/2024,Marketing,Northern,Advertising Expense,20239,Cost
TXN00182,27/11/2025,Sales,Northern,Product Sales,21388,Revenue
TXN00183,12/9/2025,HR,Southern,Training Expense,22051,Cost
TXN00184,28/9/2024,Finance,Northern,Consulting Revenue,10090,Revenue
TXN00185,28/12/2025,Marketing,Northern,Advertising Expense,9979,Cost
TXN00186,21/9/2024,Marketing,Northern,Advertising Expense,16923,Cost
TXN00187,26/8/2024,Finance,Central,Consulting Revenue,39670,Revenue
TXN00188,23/9/2025,Operations,Central,Logistics Expense,20885,Cost
TXN00189,20/11/2024,HR,Southern,Training Expense,7731,Cost
TXN00190,20/8/2025,Operations,Northern,Maintenance Expense,21989,Cost
TXN00191,31/10/2025,Sales,Northern,Commission Expense,20750,Cost
TXN00192,23/4/2025,Marketing,Southern,Campaign Revenue,34808,Revenue
TXN00193,12/10/2024,HR,Northern,Salary Expense,28902,Cost
TXN00194,27/5/2025,Operations,Northern,Logistics Expense,14162,Cost
TXN00195,12/6/2025,Operations,Central,Logistics Expense,27348,Cost
TXN00196,27/11/2024,HR,Northern,Salary Expense,15343,Cost
TXN00197,24/4/2024,Operations,Central,Logistics Expense,20621,Cost
TXN00198,13/8/2025,Operations,Central,Logistics Expense,7709,Cost
TXN00199,10/2/2024,HR,Southern,Training Expense,24239,Cost
TXN00200,12/10/2024,Marketing,Southern,Advertising Expense,17936,Cost
TXN00201,17/6/2025,Finance,Central,Service Revenue,18400,Revenue
TXN00202,2/4/2025,Operations,Central,Logistics Expense,26030,Cost
TXN00203,3/9/2025,Operations,Northern,Logistics Expense,21933,Cost
TXN00204,14/7/2024,Marketing,Central,Campaign Revenue,27509,Revenue
TXN00205,31/8/2025,HR,Central,Salary Expense,15345,Cost
TXN00206,17/2/2025,HR,Southern,Training Expense,13197,Cost
TXN00207,7/8/2025,HR,Central,Salary Expense,24839,Cost
TXN00208,10/5/2024,HR,Northern,Salary Expense,9149,Cost
TXN00209,27/6/2025,HR,Central,Training Expense,29478,Cost
TXN00210,28/9/2025,Marketing,Southern,Campaign Revenue,47530,Revenue
TXN00211,10/4/2024,Marketing,Southern,Campaign Revenue,24045,Revenue
TXN00212,29/3/2024,Marketing,Central,Campaign Revenue,18101,Revenue
TXN00213,8/8/2024,Operations,Southern,Logistics Expense,20012,Cost
TXN00214,30/12/2025,Operations,Central,Logistics Expense,19506,Cost
TXN00215,11/9/2025,HR,Southern,Training Expense,12860,Cost
TXN00216,20/9/2024,HR,Central,Training Expense,26694,Cost
TXN00217,21/8/2024,HR,Northern,Salary Expense,29178,Cost
TXN00218,1/1/2024,Operations,Central,Logistics Expense,24797,Cost
TXN00219,29/9/2024,Sales,Southern,Product Sales,49100,Revenue
TXN00220,31/1/2025,Sales,Northern,Product Sales,13583,Revenue
TXN00221,18/8/2024,Marketing,Central,Campaign Revenue,10343,Revenue
TXN00222,12/7/2024,Marketing,Central,Campaign Revenue,35294,Revenue
TXN00223,11/11/2024,Operations,Southern,Logistics Expense,12509,Cost
TXN00224,8/1/2025,HR,Central,Training Expense,22478,Cost
TXN00225,20/3/2025,HR,Southern,Training Expense,9111,Cost
TXN00226,4/12/2025,Marketing,Northern,Campaign Revenue,61750,Revenue
TXN00227,15/3/2025,Marketing,Central,Campaign Revenue,11004,Revenue
TXN00228,9/6/2025,Marketing,Northern,Advertising Expense,10132,Cost
TXN00229,31/5/2024,Sales,Northern,Product Sales,30372,Revenue
TXN00230,9/7/2024,HR,Northern,Training Expense,8201,Cost
TXN00231,23/1/2025,Marketing,Northern,Campaign Revenue,44948,Revenue
TXN00232,9/9/2025,HR,Northern,Training Expense,10152,Cost
TXN00233,10/9/2024,Marketing,Central,Advertising Expense,13588,Cost
TXN00234,24/7/2024,Finance,Central,Audit Expense,22433,Cost
TXN00235,23/10/2024,HR,Central,Salary Expense,13094,Cost
TXN00236,24/9/2025,Sales,Central,Product Sales,51326,Revenue
TXN00237,3/6/2024,Marketing,Southern,Campaign Revenue,21023,Revenue
TXN00238,3/6/2025,HR,Northern,Training Expense,6523,Cost
TXN00239,15/2/2024,HR,Northern,Salary Expense,6460,Cost
TXN00240,28/9/2025,Marketing,Central,Campaign Revenue,9657,Revenue
TXN00241,18/10/2024,Sales,Northern,Commission Expense,14031,Cost
TXN00242,27/7/2024,Finance,Northern,Service Revenue,63634,Revenue
TXN00243,4/9/2025,Operations,Southern,Logistics Expense,6513,Cost
TXN00244,14/12/2024,Operations,Southern,Maintenance Expense,8904,Cost
TXN00245,22/12/2025,Operations,Northern,Maintenance Expense,7019,Cost
TXN00246,22/3/2024,Marketing,Central,Advertising Expense,8673,Cost
TXN00247,8/3/2024,Sales,Central,Commission Expense,16393,Cost
TXN00248,7/3/2024,Sales,Southern,Product Sales,21264,Revenue
TXN00249,13/12/2025,Sales,Northern,Commission Expense,21054,Cost
TXN00250,10/3/2025,HR,Northern,Training Expense,20650,Cost
TXN00251,24/7/2025,HR,Southern,Training Expense,23607,Cost
TXN00252,24/8/2024,HR,Central,Training Expense,21264,Cost
TXN00253,8/4/2025,Operations,Southern,Maintenance Expense,6187,Cost
TXN00254,1/6/2025,Operations,Northern,Maintenance Expense,25569,Cost
TXN00255,6/11/2025,Sales,Central,Product Sales,39928,Revenue
TXN00256,17/5/2024,Finance,Southern,Service Revenue,28742,Revenue
TXN00257,30/12/2024,Operations,Central,Logistics Expense,20950,Cost
TXN00258,20/4/2025,Finance,Southern,Consulting Revenue,21312,Revenue
TXN00259,18/2/2024,Marketing,Central,Advertising Expense,23308,Cost
TXN00260,16/11/2025,Sales,Southern,Product Sales,61393,Revenue
TXN00261,5/3/2024,Finance,Southern,Software Subscription,19444,Cost
TXN00262,13/12/2024,HR,Central,Salary Expense,20067,Cost
TXN00263,28/3/2024,Marketing,Central,Campaign Revenue,10532,Revenue
TXN00264,2/12/2024,HR,Southern,Salary Expense,15310,Cost
TXN00265,12/7/2024,Finance,Northern,Service Revenue,19559,Revenue
TXN00266,12/5/2024,HR,Northern,Training Expense,27659,Cost
TXN00267,13/7/2025,Marketing,Northern,Campaign Revenue,42008,Revenue
TXN00268,22/11/2024,Marketing,Central,Advertising Expense,10095,Cost
TXN00269,20/12/2025,Marketing,Northern,Campaign Revenue,24342,Revenue
TXN00270,30/6/2025,Operations,Central,Maintenance Expense,6477,Cost
TXN00271,29/8/2024,Finance,Central,Service Revenue,11580,Revenue
TXN00272,21/10/2024,Marketing,Northern,Advertising Expense,26852,Cost
TXN00273,10/10/2025,Finance,Central,Audit Expense,11146,Cost
TXN00274,28/1/2024,Sales,Northern,Product Sales,58328,Revenue
TXN00275,22/8/2025,Marketing,Northern,Campaign Revenue,53530,Revenue
TXN00276,19/10/2024,Sales,Northern,Product Sales,18550,Revenue
TXN00277,21/4/2024,Marketing,Central,Campaign Revenue,63523,Revenue
TXN00278,29/11/2025,Finance,Northern,Service Revenue,12410,Revenue
TXN00279,31/8/2025,HR,Southern,Salary Expense,27070,Cost
TXN00280,29/4/2024,Operations,Northern,Logistics Expense,5696,Cost
TXN00281,3/1/2025,Sales,Central,Product Sales,34126,Revenue
TXN00282,9/1/2025,Sales,Northern,Commission Expense,25589,Cost
TXN00283,5/10/2024,Sales,Central,Product Sales,27909,Revenue
TXN00284,16/12/2024,Operations,Northern,Maintenance Expense,19830,Cost
TXN00285,18/2/2024,Sales,Southern,Commission Expense,23040,Cost
TXN00286,8/4/2024,Finance,Northern,Consulting Revenue,41008,Revenue
TXN00287,1/5/2024,Sales,Central,Product Sales,60610,Revenue
TXN00288,1/7/2025,Finance,Southern,Software Subscription,21582,Cost
TXN00289,28/8/2025,Marketing,Southern,Advertising Expense,5902,Cost
TXN00290,12/12/2024,HR,Central,Salary Expense,21281,Cost
TXN00291,2/11/2025,HR,Northern,Salary Expense,26532,Cost
TXN00292,28/7/2024,Sales,Southern,Product Sales,27910,Revenue
TXN00293,18/9/2024,Marketing,Northern,Campaign Revenue,64819,Revenue
TXN00294,26/1/2025,Sales,Central,Product Sales,14552,Revenue
TXN00295,29/10/2025,Operations,Northern,Logistics Expense,7009,Cost
TXN00296,6/5/2024,Operations,Central,Logistics Expense,13413,Cost
TXN00297,4/1/2025,Sales,Southern,Product Sales,39518,Revenue
TXN00298,28/9/2025,Finance,Central,Consulting Revenue,60915,Revenue
TXN00299,16/6/2025,HR,Southern,Training Expense,14535,Cost
TXN00300,29/12/2025,Operations,Central,Logistics Expense,26946,Cost
TXN00301,26/2/2024,Marketing,Central,Campaign Revenue,48838,Revenue
TXN00302,15/3/2025,Finance,Southern,Consulting Revenue,20409,Revenue
TXN00303,17/9/2024,Operations,Southern,Maintenance Expense,28217,Cost
TXN00304,3/9/2025,HR,Southern,Training Expense,23846,Cost
TXN00305,26/4/2025,Finance,Northern,Service Revenue,17784,Revenue
TXN00306,10/4/2025,Operations,Central,Logistics Expense,19742,Cost
TXN00307,17/11/2025,Sales,Central,Commission Expense,23028,Cost
TXN00308,4/3/2025,Marketing,Northern,Campaign Revenue,29437,Revenue
TXN00309,5/1/2025,Marketing,Southern,Campaign Revenue,42982,Revenue
TXN00310,22/4/2025,Marketing,Northern,Campaign Revenue,31958,Revenue
TXN00311,13/4/2025,Sales,Southern,Product Sales,40756,Revenue
TXN00312,25/6/2024,Sales,Central,Commission Expense,25812,Cost
TXN00313,6/9/2025,Finance,Northern,Software Subscription,11461,Cost
TXN00314,17/8/2024,Finance,Central,Audit Expense,8145,Cost
TXN00315,8/8/2025,Finance,Northern,Software Subscription,25935,Cost
TXN00316,7/12/2025,Operations,Northern,Maintenance Expense,12178,Cost
TXN00317,5/10/2025,Finance,Southern,Service Revenue,20690,Revenue
TXN00318,10/8/2024,Finance,Northern,Software Subscription,10147,Cost
TXN00319,25/5/2025,Marketing,Central,Advertising Expense,11598,Cost
TXN00320,13/2/2024,Finance,Southern,Consulting Revenue,24922,Revenue
TXN00321,5/8/2025,Marketing,Southern,Campaign Revenue,53888,Revenue
TXN00322,13/1/2024,Operations,Southern,Logistics Expense,18469,Cost
TXN00323,26/12/2024,Operations,Central,Logistics Expense,12222,Cost
TXN00324,7/6/2025,HR,Central,Training Expense,9350,Cost
TXN00325,30/6/2024,Operations,Northern,Maintenance Expense,6766,Cost
TXN00326,15/6/2025,Operations,Southern,Logistics Expense,26037,Cost
TXN00327,9/4/2025,Operations,Southern,Logistics Expense,26041,Cost
TXN00328,14/10/2024,Finance,Northern,Audit Expense,7889,Cost
TXN00329,28/12/2024,Finance,Northern,Consulting Revenue,61564,Revenue
TXN00330,9/4/2024,Marketing,Southern,Campaign Revenue,13140,Revenue
TXN00331,31/1/2025,HR,Central,Salary Expense,16623,Cost
TXN00332,18/6/2024,Marketing,Southern,Campaign Revenue,16627,Revenue
TXN00333,11/3/2024,Operations,Southern,Maintenance Expense,26543,Cost
TXN00334,6/5/2025,HR,Central,Training Expense,22452,Cost
TXN00335,22/9/2025,Operations,Southern,Maintenance Expense,5313,Cost
TXN00336,27/6/2024,Marketing,Central,Campaign Revenue,10283,Revenue
TXN00337,27/2/2024,HR,Central,Training Expense,21587,Cost
TXN00338,12/3/2025,HR,Central,Training Expense,10817,Cost
TXN00339,26/2/2025,HR,Southern,Salary Expense,15921,Cost
TXN00340,12/5/2025,HR,Northern,Salary Expense,5710,Cost
TXN00341,5/2/2025,HR,Northern,Salary Expense,28026,Cost
TXN00342,2/5/2024,Marketing,Central,Campaign Revenue,28442,Revenue
TXN00343,27/1/2025,Finance,Central,Service Revenue,32781,Revenue
TXN00344,13/10/2025,Operations,Central,Maintenance Expense,27923,Cost
TXN00345,26/10/2025,Sales,Northern,Product Sales,30291,Revenue
TXN00346,27/4/2025,Finance,Central,Consulting Revenue,45772,Revenue
TXN00347,2/1/2025,Finance,Northern,Audit Expense,22802,Cost
TXN00348,2/10/2025,Finance,Northern,Software Subscription,23439,Cost
TXN00349,20/12/2024,Marketing,Southern,Campaign Revenue,55635,Revenue
TXN00350,10/2/2024,Sales,Central,Product Sales,61600,Revenue
TXN00351,25/9/2025,Marketing,Central,Advertising Expense,23700,Cost
TXN00352,8/3/2024,Sales,Central,Product Sales,12592,Revenue
TXN00353,3/12/2025,Sales,Central,Product Sales,22361,Revenue
TXN00354,5/3/2025,Operations,Southern,Logistics Expense,7611,Cost
TXN00355,1/7/2025,HR,Southern,Salary Expense,9612,Cost
TXN00356,8/10/2024,Sales,Northern,Product Sales,18444,Revenue
TXN00357,19/6/2025,Marketing,Central,Campaign Revenue,35051,Revenue
TXN00358,2/10/2024,Marketing,Central,Campaign Revenue,53079,Revenue
TXN00359,18/5/2025,Marketing,Central,Advertising Expense,14733,Cost
TXN00360,5/9/2024,Sales,Southern,Product Sales,21998,Revenue
TXN00361,5/11/2024,HR,Southern,Salary Expense,20804,Cost
TXN00362,12/9/2024,Operations,Northern,Logistics Expense,20264,Cost
TXN00363,31/7/2025,Operations,Southern,Logistics Expense,25913,Cost
TXN00364,14/7/2025,Marketing,Northern,Campaign Revenue,18185,Revenue
TXN00365,3/9/2025,Finance,Southern,Software Subscription,25896,Cost
TXN00366,9/8/2024,Operations,Central,Maintenance Expense,21342,Cost
TXN00367,19/12/2025,HR,Central,Training Expense,28270,Cost
TXN00368,22/5/2025,Operations,Southern,Logistics Expense,17707,Cost
TXN00369,31/3/2025,Finance,Central,Audit Expense,16066,Cost
TXN00370,4/2/2024,Operations,Central,Maintenance Expense,7047,Cost
TXN00371,28/3/2025,Sales,Northern,Product Sales,19838,Revenue
TXN00372,25/10/2025,Finance,Central,Consulting Revenue,36204,Revenue
TXN00373,26/1/2025,Marketing,Northern,Campaign Revenue,41255,Revenue
TXN00374,9/8/2025,Marketing,Southern,Advertising Expense,22558,Cost
TXN00375,10/2/2025,Operations,Northern,Logistics Expense,9689,Cost
TXN00376,8/7/2024,Finance,Northern,Software Subscription,14133,Cost
TXN00377,13/6/2025,Marketing,Central,Campaign Revenue,29373,Revenue
TXN00378,26/2/2024,HR,Northern,Training Expense,20532,Cost
TXN00379,26/12/2024,Marketing,Northern,Campaign Revenue,9404,Revenue
TXN00380,25/7/2024,Operations,Northern,Logistics Expense,22402,Cost
TXN00381,3/10/2024,Marketing,Southern,Campaign Revenue,61447,Revenue
TXN00382,12/4/2025,Finance,Southern,Audit Expense,29857,Cost
TXN00383,29/8/2024,HR,Southern,Training Expense,15388,Cost
TXN00384,26/1/2025,HR,Central,Training Expense,8221,Cost
TXN00385,15/11/2025,HR,Northern,Salary Expense,17236,Cost
TXN00386,16/1/2025,Finance,Northern,Service Revenue,49154,Revenue
TXN00387,24/3/2024,Finance,Southern,Software Subscription,5929,Cost
TXN00388,29/3/2025,Finance,Southern,Service Revenue,46547,Revenue
TXN00389,12/4/2025,Sales,Northern,Product Sales,24197,Revenue
TXN00390,3/6/2024,Marketing,Northern,Campaign Revenue,33168,Revenue
TXN00391,27/12/2024,HR,Southern,Training Expense,5180,Cost
TXN00392,11/1/2025,Marketing,Northern,Campaign Revenue,36869,Revenue
TXN00393,21/7/2025,HR,Southern,Training Expense,10684,Cost
TXN00394,17/11/2025,Marketing,Central,Advertising Expense,26267,Cost
TXN00395,16/7/2024,Operations,Central,Logistics Expense,20264,Cost
TXN00396,21/12/2024,HR,Southern,Training Expense,5696,Cost
TXN00397,19/3/2025,Operations,Northern,Maintenance Expense,26021,Cost
TXN00398,3/1/2024,Sales,Central,Commission Expense,6262,Cost
TXN00399,3/9/2025,HR,Northern,Salary Expense,23513,Cost
TXN00400,14/11/2024,HR,Northern,Training Expense,5345,Cost
TXN00401,13/5/2024,Finance,Central,Service Revenue,34513,Revenue
TXN00402,13/6/2025,HR,Southern,Salary Expense,28939,Cost
TXN00403,6/3/2024,HR,Central,Training Expense,15943,Cost
TXN00404,22/6/2025,Operations,Central,Maintenance Expense,13411,Cost
TXN00405,4/11/2024,Sales,Central,Commission Expense,26037,Cost
TXN00406,21/1/2024,Sales,Southern,Product Sales,9225,Revenue
TXN00407,27/8/2024,Operations,Central,Logistics Expense,18367,Cost
TXN00408,12/6/2025,HR,Central,Salary Expense,25036,Cost
TXN00409,29/12/2024,Sales,Central,Commission Expense,28315,Cost
TXN00410,16/8/2024,Finance,Northern,Software Subscription,9933,Cost
TXN00411,29/5/2024,Sales,Northern,Commission Expense,14265,Cost
TXN00412,21/8/2025,Operations,Central,Maintenance Expense,21141,Cost
TXN00413,27/8/2025,Operations,Central,Maintenance Expense,8906,Cost
TXN00414,26/4/2024,Marketing,Northern,Advertising Expense,17494,Cost
TXN00415,5/10/2025,HR,Northern,Training Expense,21787,Cost
TXN00416,25/1/2024,Finance,Central,Software Subscription,21964,Cost
TXN00417,2/8/2025,Operations,Central,Logistics Expense,17541,Cost
TXN00418,25/9/2025,Marketing,Northern,Campaign Revenue,53032,Revenue
TXN00419,29/1/2024,Finance,Central,Software Subscription,6515,Cost
TXN00420,1/10/2024,HR,Northern,Salary Expense,10820,Cost
TXN00421,1/6/2024,Sales,Central,Commission Expense,26713,Cost
TXN00422,10/9/2025,Sales,Central,Commission Expense,15691,Cost
TXN00423,7/7/2025,Operations,Central,Maintenance Expense,29915,Cost
TXN00424,13/10/2024,Operations,Northern,Logistics Expense,13831,Cost
TXN00425,6/10/2025,HR,Central,Salary Expense,29766,Cost
TXN00426,19/10/2025,Operations,Northern,Logistics Expense,9958,Cost
TXN00427,16/3/2024,HR,Central,Training Expense,21888,Cost
TXN00428,5/12/2024,HR,Northern,Training Expense,24943,Cost
TXN00429,27/4/2024,Finance,Central,Consulting Revenue,43523,Revenue
TXN00430,2/12/2025,Marketing,Central,Campaign Revenue,24945,Revenue
TXN00431,25/9/2024,Operations,Southern,Logistics Expense,19197,Cost
TXN00432,11/2/2025,Marketing,Central,Campaign Revenue,54019,Revenue
TXN00433,11/6/2024,Sales,Southern,Product Sales,35348,Revenue
TXN00434,30/5/2024,Operations,Central,Maintenance Expense,8472,Cost
TXN00435,3/8/2025,HR,Northern,Salary Expense,11735,Cost
TXN00436,20/10/2025,Finance,Northern,Service Revenue,12271,Revenue
TXN00437,4/6/2025,Sales,Central,Product Sales,24805,Revenue
TXN00438,25/4/2024,Marketing,Northern,Campaign Revenue,41416,Revenue
TXN00439,4/8/2025,Finance,Southern,Service Revenue,32924,Revenue
TXN00440,8/12/2024,Marketing,Northern,Campaign Revenue,19299,Revenue
TXN00441,12/10/2025,Finance,Southern,Service Revenue,38032,Revenue
TXN00442,15/7/2025,Finance,Southern,Consulting Revenue,40898,Revenue
TXN00443,13/8/2024,HR,Central,Training Expense,6485,Cost
TXN00444,26/4/2024,HR,Northern,Training Expense,15310,Cost
TXN00445,14/2/2024,Finance,Northern,Consulting Revenue,40052,Revenue
TXN00446,26/9/2024,Marketing,Northern,Advertising Expense,26358,Cost
TXN00447,19/9/2025,Operations,Northern,Logistics Expense,10052,Cost
TXN00448,19/9/2025,Operations,Central,Logistics Expense,23759,Cost
TXN00449,31/8/2025,Finance,Central,Audit Expense,24694,Cost
TXN00450,9/3/2024,Operations,Southern,Maintenance Expense,15978,Cost
TXN00451,8/4/2024,Marketing,Central,Campaign Revenue,28182,Revenue
TXN00452,23/5/2025,Operations,Northern,Maintenance Expense,25020,Cost
TXN00453,23/5/2024,HR,Southern,Salary Expense,10575,Cost
TXN00454,25/12/2024,Sales,Northern,Product Sales,8032,Revenue
TXN00455,12/7/2025,HR,Northern,Training Expense,8234,Cost
TXN00456,20/6/2025,Finance,Northern,Audit Expense,20873,Cost
TXN00457,22/12/2024,Marketing,Central,Campaign Revenue,42521,Revenue
TXN00458,13/10/2024,Operations,Southern,Maintenance Expense,14390,Cost
TXN00459,20/8/2024,Finance,Southern,Audit Expense,17419,Cost
TXN00460,24/3/2024,Operations,Central,Maintenance Expense,20928,Cost
TXN00461,15/7/2025,HR,Central,Training Expense,18087,Cost
TXN00462,5/5/2025,Operations,Southern,Logistics Expense,8940,Cost
TXN00463,28/10/2025,Operations,Central,Maintenance Expense,29343,Cost
TXN00464,2/8/2025,Marketing,Northern,Advertising Expense,15310,Cost
TXN00465,13/6/2024,HR,Central,Training Expense,6073,Cost
TXN00466,11/3/2025,Sales,Central,Product Sales,47184,Revenue
TXN00467,30/7/2024,Sales,Southern,Commission Expense,19064,Cost
TXN00468,5/6/2025,HR,Central,Training Expense,23451,Cost
TXN00469,30/9/2025,Sales,Northern,Commission Expense,11451,Cost
TXN00470,10/10/2024,Operations,Southern,Maintenance Expense,20135,Cost
TXN00471,7/9/2024,Operations,Northern,Maintenance Expense,28124,Cost
TXN00472,1/9/2025,Operations,Southern,Maintenance Expense,14929,Cost
TXN00473,23/9/2025,Marketing,Central,Advertising Expense,26044,Cost
TXN00474,5/1/2025,Operations,Northern,Maintenance Expense,7521,Cost
TXN00475,14/5/2024,Operations,Central,Logistics Expense,23257,Cost
TXN00476,26/11/2024,Finance,Northern,Service Revenue,35946,Revenue
TXN00477,14/9/2025,Marketing,Southern,Campaign Revenue,56238,Revenue
TXN00478,27/3/2024,Sales,Southern,Commission Expense,25465,Cost
TXN00479,28/6/2024,HR,Central,Salary Expense,8905,Cost
TXN00480,11/1/2025,HR,Central,Salary Expense,7268,Cost
TXN00481,14/8/2025,Operations,Central,Maintenance Expense,17272,Cost
TXN00482,2/7/2025,Operations,Northern,Maintenance Expense,26719,Cost
TXN00483,22/7/2024,HR,Northern,Training Expense,16340,Cost
TXN00484,23/10/2024,Operations,Southern,Maintenance Expense,19291,Cost
TXN00485,7/9/2024,Operations,Central,Maintenance Expense,26606,Cost
TXN00486,5/1/2024,Marketing,Northern,Advertising Expense,12557,Cost
TXN00487,21/8/2024,Operations,Southern,Maintenance Expense,28672,Cost
TXN00488,23/10/2024,Operations,Central,Maintenance Expense,9091,Cost
TXN00489,10/9/2024,Operations,Southern,Maintenance Expense,29534,Cost
TXN00490,19/5/2024,Sales,Northern,Product Sales,26098,Revenue
TXN00491,16/9/2025,Sales,Northern,Commission Expense,6607,Cost
TXN00492,21/10/2024,Operations,Northern,Logistics Expense,15097,Cost
TXN00493,24/4/2025,Marketing,Northern,Campaign Revenue,40919,Revenue
TXN00494,6/2/2024,Operations,Central,Logistics Expense,29269,Cost
TXN00495,25/10/2024,Sales,Northern,Product Sales,13252,Revenue
TXN00496,28/12/2024,Sales,Central,Commission Expense,25740,Cost
TXN00497,15/8/2024,Finance,Southern,Software Subscription,18926,Cost
TXN00498,18/2/2025,Finance,Central,Consulting Revenue,47516,Revenue
TXN00499,21/4/2024,Marketing,Central,Advertising Expense,6253,Cost
TXN00500,21/7/2025,Marketing,Northern,Campaign Revenue,24986,Revenue
TXN00501,28/5/2025,HR,Central,Training Expense,11936,Cost
TXN00502,16/3/2024,Sales,Central,Product Sales,13953,Revenue
TXN00503,2/4/2025,Operations,Northern,Logistics Expense,24255,Cost
TXN00504,16/3/2025,Marketing,Central,Advertising Expense,13811,Cost
TXN00505,11/1/2024,Sales,Southern,Product Sales,38152,Revenue
TXN00506,12/1/2024,Sales,Northern,Product Sales,16923,Revenue
TXN00507,6/12/2024,HR,Northern,Salary Expense,28205,Cost
TXN00508,12/1/2025,Finance,Central,Service Revenue,52446,Revenue
TXN00509,17/7/2025,Marketing,Northern,Campaign Revenue,27970,Revenue
TXN00510,2/1/2024,Marketing,Southern,Campaign Revenue,12956,Revenue
TXN00511,28/2/2024,Operations,Northern,Logistics Expense,18395,Cost
TXN00512,14/9/2025,Sales,Southern,Commission Expense,23892,Cost
TXN00513,8/5/2025,Marketing,Northern,Advertising Expense,27455,Cost
TXN00514,22/7/2024,Sales,Northern,Product Sales,56392,Revenue
TXN00515,20/11/2024,Sales,Central,Commission Expense,15848,Cost
TXN00516,2/8/2025,Finance,Northern,Software Subscription,23702,Cost
TXN00517,10/5/2024,HR,Central,Salary Expense,5236,Cost
TXN00518,14/11/2025,HR,Northern,Salary Expense,15076,Cost
TXN00519,14/7/2025,Sales,Northern,Commission Expense,14828,Cost
TXN00520,10/11/2025,Finance,Southern,Software Subscription,7925,Cost
TXN00521,4/10/2025,Operations,Central,Logistics Expense,6463,Cost
TXN00522,3/3/2024,Operations,Southern,Logistics Expense,11167,Cost
TXN00523,21/2/2024,HR,Northern,Training Expense,21412,Cost
TXN00524,15/4/2024,Finance,Southern,Audit Expense,12084,Cost
TXN00525,3/2/2025,Finance,Northern,Consulting Revenue,16569,Revenue
TXN00526,17/12/2024,Marketing,Northern,Campaign Revenue,58317,Revenue
TXN00527,13/12/2024,Finance,Central,Service Revenue,22437,Revenue
TXN00528,9/10/2025,Operations,Central,Maintenance Expense,29411,Cost
TXN00529,28/7/2024,Sales,Northern,Product Sales,37449,Revenue
TXN00530,31/10/2025,HR,Southern,Salary Expense,9523,Cost
TXN00531,9/10/2025,Finance,Central,Consulting Revenue,47487,Revenue
TXN00532,25/10/2025,Marketing,Central,Advertising Expense,16973,Cost
TXN00533,23/9/2024,HR,Southern,Salary Expense,8886,Cost
TXN00534,13/10/2025,Finance,Southern,Service Revenue,39302,Revenue
TXN00535,15/1/2025,Marketing,Northern,Campaign Revenue,20563,Revenue
TXN00536,12/3/2025,Marketing,Central,Advertising Expense,7943,Cost
TXN00537,25/12/2024,Finance,Southern,Consulting Revenue,36070,Revenue
TXN00538,15/1/2025,Marketing,Central,Advertising Expense,12470,Cost
TXN00539,15/8/2024,Sales,Central,Product Sales,13630,Revenue
TXN00540,17/9/2024,Marketing,Northern,Campaign Revenue,63362,Revenue
TXN00541,30/10/2025,HR,Central,Training Expense,18913,Cost
TXN00542,21/7/2024,HR,Northern,Salary Expense,23281,Cost
TXN00543,31/8/2024,HR,Central,Training Expense,9356,Cost
TXN00544,10/12/2025,HR,Central,Salary Expense,28413,Cost
TXN00545,14/4/2025,Sales,Southern,Commission Expense,13681,Cost
TXN00546,9/1/2025,HR,Central,Salary Expense,18827,Cost
TXN00547,18/5/2025,HR,Central,Training Expense,27107,Cost
TXN00548,28/9/2024,Operations,Central,Logistics Expense,27541,Cost
TXN00549,26/8/2025,Marketing,Southern,Campaign Revenue,21546,Revenue
TXN00550,28/7/2025,Finance,Northern,Audit Expense,18135,Cost
TXN00551,17/5/2024,Operations,Northern,Logistics Expense,21412,Cost
TXN00552,4/12/2024,Marketing,Central,Campaign Revenue,36376,Revenue
TXN00553,3/8/2025,Marketing,Northern,Advertising Expense,7310,Cost
TXN00554,20/5/2025,Sales,Northern,Commission Expense,17884,Cost
TXN00555,14/4/2025,Operations,Central,Logistics Expense,25458,Cost
TXN00556,3/8/2025,Marketing,Southern,Campaign Revenue,22172,Revenue
TXN00557,30/8/2024,HR,Central,Salary Expense,19423,Cost
TXN00558,17/10/2024,Marketing,Southern,Campaign Revenue,59151,Revenue
TXN00559,15/3/2024,Marketing,Central,Advertising Expense,29725,Cost
TXN00560,8/12/2025,HR,Central,Salary Expense,16655,Cost
TXN00561,30/5/2025,HR,Northern,Salary Expense,14578,Cost
TXN00562,12/6/2025,Finance,Southern,Software Subscription,20725,Cost
TXN00563,3/1/2024,Operations,Central,Logistics Expense,14828,Cost
TXN00564,24/7/2025,Operations,Northern,Maintenance Expense,23442,Cost
TXN00565,28/6/2024,Sales,Southern,Commission Expense,28400,Cost
TXN00566,27/9/2025,Operations,Central,Maintenance Expense,25677,Cost
TXN00567,24/4/2024,Sales,Northern,Commission Expense,13662,Cost
TXN00568,28/12/2025,Marketing,Northern,Advertising Expense,23169,Cost
TXN00569,5/4/2025,Operations,Southern,Logistics Expense,10742,Cost
TXN00570,30/12/2024,HR,Southern,Training Expense,18987,Cost
TXN00571,13/6/2025,Marketing,Northern,Advertising Expense,20777,Cost
TXN00572,27/10/2024,HR,Southern,Training Expense,26077,Cost
TXN00573,9/2/2025,Marketing,Northern,Campaign Revenue,63658,Revenue
TXN00574,29/9/2025,HR,Southern,Training Expense,18373,Cost
TXN00575,26/4/2024,Finance,Southern,Audit Expense,12836,Cost
TXN00576,3/2/2024,Operations,Central,Logistics Expense,17026,Cost
TXN00577,22/7/2024,Operations,Central,Maintenance Expense,13154,Cost
TXN00578,29/9/2025,Marketing,Northern,Campaign Revenue,31649,Revenue
TXN00579,20/11/2025,Marketing,Southern,Campaign Revenue,8542,Revenue
TXN00580,17/9/2024,Operations,Northern,Logistics Expense,5592,Cost
TXN00581,25/8/2025,HR,Southern,Training Expense,6328,Cost
TXN00582,14/9/2025,Marketing,Central,Advertising Expense,28871,Cost
TXN00583,25/2/2024,Sales,Southern,Product Sales,13796,Revenue
TXN00584,16/7/2025,Marketing,Southern,Advertising Expense,19020,Cost
TXN00585,9/1/2025,Sales,Northern,Product Sales,48847,Revenue
TXN00586,7/5/2025,Finance,Central,Software Subscription,19781,Cost
TXN00587,26/8/2024,Finance,Southern,Service Revenue,53845,Revenue
TXN00588,23/8/2025,Finance,Central,Service Revenue,43115,Revenue
TXN00589,28/6/2024,Finance,Southern,Consulting Revenue,19460,Revenue
TXN00590,30/7/2024,Finance,Central,Audit Expense,19470,Cost
TXN00591,30/7/2025,Operations,Northern,Logistics Expense,29229,Cost
TXN00592,11/8/2025,Sales,Southern,Product Sales,16112,Revenue
TXN00593,18/7/2024,Operations,Northern,Maintenance Expense,18190,Cost
TXN00594,18/5/2025,HR,Central,Salary Expense,9500,Cost
TXN00595,7/8/2024,Sales,Central,Product Sales,47836,Revenue
TXN00596,1/5/2025,Operations,Southern,Logistics Expense,28232,Cost
TXN00597,14/10/2024,Finance,Central,Consulting Revenue,9151,Revenue
TXN00598,4/12/2024,Marketing,Central,Campaign Revenue,22638,Revenue
TXN00599,18/1/2024,Sales,Northern,Commission Expense,25502,Cost
TXN00600,28/12/2024,Marketing,Southern,Campaign Revenue,27379,Revenue
TXN00601,13/9/2024,Marketing,Central,Campaign Revenue,29897,Revenue
TXN00602,24/4/2025,HR,Central,Salary Expense,12574,Cost
TXN00603,8/2/2024,Operations,Northern,Logistics Expense,9867,Cost
TXN00604,31/8/2024,HR,Northern,Training Expense,26904,Cost
TXN00605,3/7/2025,Operations,Northern,Logistics Expense,27185,Cost
TXN00606,1/8/2025,Finance,Southern,Software Subscription,17349,Cost
TXN00607,5/5/2025,HR,Central,Training Expense,25024,Cost
TXN00608,12/5/2025,Operations,Central,Logistics Expense,9088,Cost
TXN00609,11/12/2024,Operations,Southern,Logistics Expense,20580,Cost
TXN00610,13/6/2024,Sales,Southern,Commission Expense,11133,Cost
TXN00611,2/2/2024,HR,Southern,Salary Expense,29288,Cost
TXN00612,14/1/2025,Finance,Southern,Service Revenue,30638,Revenue
TXN00613,5/8/2024,Finance,Northern,Software Subscription,21089,Cost
TXN00614,24/7/2025,HR,Southern,Training Expense,10279,Cost
TXN00615,4/8/2024,Sales,Northern,Product Sales,25579,Revenue
TXN00616,28/11/2025,Marketing,Central,Advertising Expense,24324,Cost
TXN00617,20/4/2025,Sales,Northern,Product Sales,30664,Revenue
TXN00618,19/10/2025,Operations,Central,Logistics Expense,6572,Cost
TXN00619,25/2/2025,Finance,Southern,Software Subscription,11593,Cost
TXN00620,24/9/2025,HR,Southern,Training Expense,21778,Cost
TXN00621,12/2/2025,HR,Central,Salary Expense,16591,Cost
TXN00622,19/4/2025,Operations,Central,Maintenance Expense,17417,Cost
TXN00623,15/7/2024,HR,Central,Training Expense,5817,Cost
TXN00624,11/2/2024,Marketing,Central,Advertising Expense,21695,Cost
TXN00625,24/6/2024,Finance,Central,Consulting Revenue,52771,Revenue
TXN00626,28/3/2024,Sales,Northern,Product Sales,32549,Revenue
TXN00627,17/4/2024,Sales,Northern,Commission Expense,23440,Cost
TXN00628,30/1/2025,Sales,Central,Product Sales,26077,Revenue
TXN00629,25/11/2025,Operations,Central,Maintenance Expense,21511,Cost
TXN00630,2/7/2024,Marketing,Southern,Advertising Expense,21502,Cost
TXN00631,1/12/2024,Marketing,Northern,Campaign Revenue,28095,Revenue
TXN00632,12/4/2025,Sales,Northern,Product Sales,16172,Revenue
TXN00633,21/11/2025,Marketing,Northern,Advertising Expense,9018,Cost
TXN00634,13/5/2025,Finance,Southern,Software Subscription,5836,Cost
TXN00635,11/12/2025,Operations,Central,Logistics Expense,9998,Cost
TXN00636,8/9/2025,HR,Southern,Salary Expense,20977,Cost
TXN00637,28/3/2025,Operations,Northern,Logistics Expense,21047,Cost
TXN00638,14/2/2025,Operations,Central,Logistics Expense,20742,Cost
TXN00639,5/7/2025,Sales,Southern,Product Sales,48551,Revenue
TXN00640,11/3/2025,Marketing,Southern,Advertising Expense,27548,Cost
TXN00641,21/9/2025,Sales,Northern,Commission Expense,17012,Cost
TXN00642,30/8/2024,Finance,Southern,Service Revenue,29112,Revenue
TXN00643,16/2/2025,Marketing,Central,Campaign Revenue,51958,Revenue
TXN00644,27/2/2024,Finance,Southern,Consulting Revenue,59304,Revenue
TXN00645,16/3/2025,Marketing,Southern,Advertising Expense,21344,Cost
TXN00646,28/12/2024,Sales,Central,Commission Expense,14046,Cost
TXN00647,9/10/2025,Operations,Northern,Maintenance Expense,17347,Cost
TXN00648,17/5/2025,Finance,Southern,Software Subscription,6210,Cost
TXN00649,30/9/2025,Operations,Central,Logistics Expense,7394,Cost
TXN00650,20/3/2024,HR,Southern,Training Expense,10905,Cost
TXN00651,23/10/2024,HR,Southern,Salary Expense,12272,Cost
TXN00652,3/4/2024,Finance,Central,Service Revenue,36460,Revenue
TXN00653,7/2/2025,HR,Southern,Training Expense,17340,Cost
TXN00654,3/5/2025,Marketing,Southern,Campaign Revenue,45563,Revenue
TXN00655,26/5/2025,Marketing,Northern,Advertising Expense,22420,Cost
TXN00656,28/5/2025,Sales,Central,Commission Expense,25504,Cost
TXN00657,16/4/2025,HR,Southern,Training Expense,29772,Cost
TXN00658,18/7/2024,Marketing,Southern,Advertising Expense,20087,Cost
TXN00659,10/8/2025,Sales,Southern,Product Sales,33509,Revenue
TXN00660,8/11/2024,HR,Central,Salary Expense,9581,Cost
TXN00661,9/8/2025,Marketing,Northern,Advertising Expense,24352,Cost
TXN00662,7/5/2025,Marketing,Central,Campaign Revenue,54168,Revenue
TXN00663,5/10/2025,Finance,Central,Service Revenue,37737,Revenue
TXN00664,11/3/2025,Operations,Central,Logistics Expense,9128,Cost
TXN00665,28/3/2024,Sales,Central,Product Sales,30391,Revenue
TXN00666,12/4/2025,Marketing,Northern,Campaign Revenue,32494,Revenue
TXN00667,16/2/2024,Sales,Central,Product Sales,17769,Revenue
TXN00668,6/7/2025,Sales,Northern,Product Sales,20470,Revenue
TXN00669,1/6/2025,Sales,Northern,Product Sales,17417,Revenue
TXN00670,9/4/2025,Operations,Southern,Maintenance Expense,20023,Cost
TXN00671,8/4/2024,HR,Central,Training Expense,13816,Cost
TXN00672,23/11/2025,Finance,Central,Service Revenue,18486,Revenue
TXN00673,23/2/2024,Sales,Central,Commission Expense,7206,Cost
TXN00674,12/6/2025,Sales,Central,Commission Expense,23421,Cost
TXN00675,4/8/2025,Sales,Central,Product Sales,50394,Revenue
TXN00676,29/8/2024,Marketing,Northern,Advertising Expense,18253,Cost
TXN00677,11/5/2025,Sales,Southern,Product Sales,12054,Revenue
TXN00678,19/12/2025,HR,Central,Training Expense,28702,Cost
TXN00679,2/6/2024,Marketing,Southern,Campaign Revenue,10743,Revenue
TXN00680,23/4/2024,HR,Northern,Salary Expense,27651,Cost
TXN00681,27/8/2025,Operations,Central,Maintenance Expense,28837,Cost
TXN00682,12/5/2025,Sales,Southern,Product Sales,10274,Revenue
TXN00683,5/5/2025,Marketing,Southern,Campaign Revenue,25147,Revenue
TXN00684,24/2/2024,HR,Northern,Salary Expense,21684,Cost
TXN00685,29/5/2024,Finance,Central,Consulting Revenue,16180,Revenue
TXN00686,19/10/2025,Sales,Central,Product Sales,55852,Revenue
TXN00687,20/11/2024,Sales,Central,Product Sales,11041,Revenue
TXN00688,12/6/2025,Sales,Central,Product Sales,38246,Revenue
TXN00689,26/11/2025,Operations,Southern,Logistics Expense,17237,Cost
TXN00690,21/1/2025,Finance,Northern,Software Subscription,8897,Cost
TXN00691,29/8/2025,Marketing,Southern,Campaign Revenue,28314,Revenue
TXN00692,26/11/2024,Sales,Northern,Commission Expense,20731,Cost
TXN00693,26/7/2024,HR,Central,Salary Expense,29828,Cost
TXN00694,29/12/2025,Sales,Central,Product Sales,62041,Revenue
TXN00695,19/12/2025,Operations,Central,Maintenance Expense,13955,Cost
TXN00696,4/9/2024,Operations,Southern,Logistics Expense,24311,Cost
TXN00697,11/9/2025,Marketing,Central,Campaign Revenue,15654,Revenue
TXN00698,23/11/2025,Sales,Northern,Product Sales,59121,Revenue
TXN00699,14/12/2024,Sales,Southern,Product Sales,33314,Revenue
TXN00700,6/1/2025,Marketing,Central,Advertising Expense,27843,Cost
TXN00701,21/5/2024,Sales,Northern,Product Sales,46432,Revenue
TXN00702,22/10/2025,Operations,Central,Logistics Expense,20599,Cost
TXN00703,13/6/2024,Sales,Northern,Product Sales,19560,Revenue
TXN00704,7/8/2024,Marketing,Southern,Advertising Expense,7967,Cost
TXN00705,17/10/2024,Marketing,Central,Campaign Revenue,41521,Revenue
TXN00706,23/3/2024,Finance,Southern,Software Subscription,27131,Cost
TXN00707,18/11/2025,Operations,Southern,Logistics Expense,21954,Cost
TXN00708,13/11/2025,Sales,Central,Commission Expense,10916,Cost
TXN00709,26/5/2024,Finance,Southern,Audit Expense,27126,Cost
TXN00710,17/7/2024,Sales,Southern,Product Sales,14454,Revenue
TXN00711,18/3/2024,Operations,Central,Logistics Expense,29512,Cost
TXN00712,2/12/2024,HR,Central,Salary Expense,29858,Cost
TXN00713,8/10/2025,Marketing,Northern,Campaign Revenue,33571,Revenue
TXN00714,26/4/2024,Finance,Central,Software Subscription,26477,Cost
TXN00715,4/1/2025,HR,Southern,Salary Expense,23051,Cost
TXN00716,6/8/2024,HR,Central,Training Expense,10900,Cost
TXN00717,6/12/2025,Marketing,Central,Campaign Revenue,18812,Revenue
TXN00718,21/11/2025,Sales,Northern,Product Sales,50494,Revenue
TXN00719,6/5/2025,Sales,Central,Commission Expense,23010,Cost
TXN00720,12/2/2024,Finance,Northern,Service Revenue,62421,Revenue
TXN00721,14/6/2025,HR,Northern,Salary Expense,27798,Cost
TXN00722,1/10/2025,Sales,Northern,Product Sales,9447,Revenue
TXN00723,31/12/2024,Sales,Northern,Commission Expense,11100,Cost
TXN00724,16/8/2024,Marketing,Northern,Campaign Revenue,27037,Revenue
TXN00725,28/2/2024,Sales,Central,Commission Expense,28082,Cost
TXN00726,27/8/2024,HR,Central,Salary Expense,27009,Cost
TXN00727,18/2/2025,Finance,Central,Consulting Revenue,8270,Revenue
TXN00728,28/12/2024,Operations,Northern,Logistics Expense,18436,Cost
TXN00729,29/11/2024,HR,Southern,Training Expense,20527,Cost
TXN00730,9/12/2024,Finance,Central,Consulting Revenue,60943,Revenue
TXN00731,7/8/2025,Operations,Northern,Maintenance Expense,23998,Cost
TXN00732,24/7/2024,Sales,Southern,Product Sales,25095,Revenue
TXN00733,13/12/2024,Operations,Southern,Logistics Expense,15511,Cost
TXN00734,31/10/2024,Marketing,Northern,Campaign Revenue,57541,Revenue
TXN00735,21/2/2024,Finance,Central,Service Revenue,19381,Revenue
TXN00736,28/3/2024,Marketing,Southern,Advertising Expense,20979,Cost
TXN00737,1/2/2025,Marketing,Southern,Campaign Revenue,8239,Revenue
TXN00738,6/7/2025,HR,Central,Training Expense,11892,Cost
TXN00739,27/4/2025,Sales,Northern,Product Sales,21679,Revenue
TXN00740,25/9/2024,Marketing,Central,Campaign Revenue,55885,Revenue
TXN00741,24/11/2024,HR,Northern,Training Expense,16418,Cost
TXN00742,13/11/2024,Finance,Central,Consulting Revenue,53235,Revenue
TXN00743,3/8/2024,Finance,Southern,Service Revenue,20517,Revenue
TXN00744,26/9/2024,Marketing,Northern,Campaign Revenue,58139,Revenue
TXN00745,12/3/2025,Finance,Southern,Consulting Revenue,16963,Revenue
TXN00746,5/8/2025,Operations,Central,Logistics Expense,24314,Cost
TXN00747,12/5/2025,HR,Southern,Training Expense,18475,Cost
TXN00748,16/12/2025,Finance,Northern,Audit Expense,26940,Cost
TXN00749,1/3/2025,Operations,Central,Maintenance Expense,10840,Cost
TXN00750,26/3/2025,Operations,Southern,Logistics Expense,9746,Cost
TXN00751,18/4/2025,Operations,Southern,Logistics Expense,18104,Cost
TXN00752,24/12/2024,HR,Central,Training Expense,10157,Cost
TXN00753,21/7/2024,Marketing,Southern,Campaign Revenue,33732,Revenue
TXN00754,15/1/2024,Marketing,Southern,Advertising Expense,17533,Cost
TXN00755,31/12/2024,Finance,Southern,Consulting Revenue,20956,Revenue
TXN00756,24/6/2024,Operations,Northern,Logistics Expense,19763,Cost
TXN00757,9/3/2024,Operations,Southern,Maintenance Expense,25146,Cost
TXN00758,11/3/2025,HR,Central,Salary Expense,13934,Cost
TXN00759,30/10/2025,Marketing,Northern,Campaign Revenue,35465,Revenue
TXN00760,23/10/2024,Operations,Southern,Logistics Expense,11321,Cost
TXN00761,14/6/2025,HR,Northern,Salary Expense,13341,Cost
TXN00762,1/1/2025,Operations,Central,Maintenance Expense,9954,Cost
TXN00763,23/12/2025,HR,Northern,Salary Expense,8032,Cost
TXN00764,5/2/2024,Finance,Northern,Service Revenue,38985,Revenue
TXN00765,12/8/2025,HR,Southern,Salary Expense,18212,Cost
TXN00766,17/7/2025,Marketing,Southern,Advertising Expense,9152,Cost
TXN00767,9/3/2024,HR,Northern,Training Expense,9237,Cost
TXN00768,6/6/2025,Operations,Northern,Maintenance Expense,23127,Cost
TXN00769,7/11/2024,HR,Southern,Training Expense,21612,Cost
TXN00770,9/9/2025,HR,Central,Salary Expense,21010,Cost
TXN00771,30/12/2024,HR,Central,Salary Expense,9992,Cost
TXN00772,30/9/2024,Marketing,Northern,Advertising Expense,15708,Cost
TXN00773,4/10/2025,Operations,Southern,Logistics Expense,25347,Cost
TXN00774,24/1/2025,Operations,Southern,Maintenance Expense,20109,Cost
TXN00775,26/4/2025,Finance,Southern,Audit Expense,11593,Cost
TXN00776,15/12/2025,Marketing,Central,Advertising Expense,8632,Cost
TXN00777,18/9/2024,Finance,Southern,Service Revenue,58809,Revenue
TXN00778,27/4/2025,Marketing,Southern,Campaign Revenue,18176,Revenue
TXN00779,11/1/2024,Operations,Southern,Maintenance Expense,25160,Cost
TXN00780,20/8/2025,Marketing,Central,Advertising Expense,19854,Cost
TXN00781,8/3/2024,Finance,Southern,Audit Expense,5791,Cost
TXN00782,17/9/2025,Sales,Northern,Product Sales,43898,Revenue
TXN00783,24/12/2024,Sales,Central,Commission Expense,28357,Cost
TXN00784,5/6/2024,Sales,Central,Product Sales,52360,Revenue
TXN00785,26/6/2025,HR,Southern,Salary Expense,27809,Cost
TXN00786,25/2/2024,HR,Central,Salary Expense,11913,Cost
TXN00787,2/11/2025,Operations,Northern,Maintenance Expense,18210,Cost
TXN00788,25/12/2025,Sales,Northern,Product Sales,52837,Revenue
TXN00789,8/12/2025,Finance,Southern,Software Subscription,12273,Cost
TXN00790,10/12/2025,Sales,Southern,Product Sales,35565,Revenue
TXN00791,1/10/2025,Marketing,Southern,Advertising Expense,29232,Cost
TXN00792,15/2/2024,HR,Northern,Salary Expense,7947,Cost
TXN00793,10/5/2025,HR,Northern,Training Expense,27289,Cost
TXN00794,17/8/2024,Marketing,Southern,Advertising Expense,17435,Cost
TXN00795,8/10/2024,Marketing,Southern,Campaign Revenue,48959,Revenue
TXN00796,16/8/2025,HR,Northern,Training Expense,21867,Cost
TXN00797,30/1/2025,Finance,Central,Service Revenue,55425,Revenue
TXN00798,30/9/2025,HR,Central,Training Expense,19538,Cost
TXN00799,2/4/2025,Finance,Southern,Consulting Revenue,57616,Revenue
TXN00800,19/9/2024,Sales,Central,Product Sales,59227,Revenue
TXN00801,12/2/2024,Finance,Central,Consulting Revenue,52389,Revenue
TXN00802,29/1/2024,HR,Southern,Salary Expense,9347,Cost
TXN00803,23/6/2025,Marketing,Southern,Campaign Revenue,58093,Revenue
TXN00804,8/12/2024,Marketing,Northern,Advertising Expense,12567,Cost
TXN00805,2/4/2024,Marketing,Northern,Advertising Expense,11361,Cost
TXN00806,26/1/2024,Finance,Central,Service Revenue,29269,Revenue
TXN00807,7/7/2024,Finance,Northern,Audit Expense,10269,Cost
TXN00808,1/10/2025,Sales,Central,Commission Expense,10497,Cost
TXN00809,17/9/2024,Operations,Northern,Maintenance Expense,26381,Cost
TXN00810,16/3/2025,Finance,Central,Audit Expense,29301,Cost
TXN00811,23/6/2024,Finance,Central,Service Revenue,43935,Revenue
TXN00812,4/5/2024,HR,Southern,Training Expense,23898,Cost
TXN00813,5/3/2024,Marketing,Northern,Campaign Revenue,33265,Revenue
TXN00814,30/1/2025,HR,Northern,Salary Expense,29892,Cost
TXN00815,5/9/2024,Finance,Central,Service Revenue,55209,Revenue
TXN00816,8/3/2025,Sales,Southern,Product Sales,10692,Revenue
TXN00817,17/7/2024,HR,Northern,Salary Expense,14698,Cost
TXN00818,24/9/2024,Sales,Central,Commission Expense,25979,Cost
TXN00819,26/11/2025,Operations,Northern,Maintenance Expense,11513,Cost
TXN00820,28/8/2025,Finance,Central,Audit Expense,22583,Cost
TXN00821,6/7/2025,HR,Northern,Training Expense,15289,Cost
TXN00822,3/12/2024,HR,Central,Training Expense,21364,Cost
TXN00823,16/12/2024,Finance,Northern,Software Subscription,18798,Cost
TXN00824,10/4/2024,Sales,Central,Commission Expense,23700,Cost
TXN00825,9/3/2024,Sales,Northern,Commission Expense,15691,Cost
TXN00826,28/10/2024,Marketing,Southern,Campaign Revenue,62829,Revenue
TXN00827,18/12/2024,Operations,Central,Logistics Expense,23473,Cost
TXN00828,30/7/2024,Marketing,Southern,Advertising Expense,27087,Cost
TXN00829,30/4/2024,Finance,Southern,Audit Expense,16665,Cost
TXN00830,3/1/2025,HR,Northern,Training Expense,24396,Cost
TXN00831,27/2/2024,Finance,Southern,Software Subscription,5640,Cost
TXN00832,14/1/2024,Marketing,Central,Campaign Revenue,28968,Revenue
TXN00833,27/12/2025,Operations,Central,Logistics Expense,24989,Cost
TXN00834,17/3/2024,Marketing,Central,Campaign Revenue,41556,Revenue
TXN00835,9/12/2025,Operations,Northern,Maintenance Expense,26903,Cost
TXN00836,7/2/2024,Operations,Northern,Logistics Expense,5219,Cost
TXN00837,17/8/2024,Sales,Central,Product Sales,28320,Revenue
TXN00838,6/7/2025,HR,Northern,Salary Expense,26543,Cost
TXN00839,9/10/2025,HR,Northern,Training Expense,14881,Cost
TXN00840,15/11/2024,HR,Northern,Training Expense,14202,Cost
TXN00841,7/10/2025,Operations,Northern,Logistics Expense,6338,Cost
TXN00842,12/8/2025,Operations,Southern,Maintenance Expense,14296,Cost
TXN00843,25/3/2024,Finance,Northern,Service Revenue,53524,Revenue
TXN00844,26/8/2024,Finance,Central,Service Revenue,8738,Revenue
TXN00845,21/8/2024,Finance,Central,Consulting Revenue,55474,Revenue
TXN00846,3/11/2025,Sales,Northern,Product Sales,22533,Revenue
TXN00847,28/1/2024,Finance,Northern,Software Subscription,15816,Cost
TXN00848,21/6/2024,Sales,Central,Product Sales,10722,Revenue
TXN00849,3/7/2025,Finance,Northern,Consulting Revenue,24311,Revenue
TXN00850,9/10/2025,Marketing,Southern,Advertising Expense,10922,Cost
TXN00851,22/7/2024,HR,Central,Training Expense,12324,Cost
TXN00852,12/7/2024,HR,Southern,Salary Expense,24282,Cost
TXN00853,21/10/2025,Sales,Central,Product Sales,11182,Revenue
TXN00854,7/10/2024,Finance,Southern,Service Revenue,13917,Revenue
TXN00855,11/2/2024,Marketing,Central,Advertising Expense,27034,Cost
TXN00856,6/7/2024,HR,Northern,Salary Expense,6729,Cost
TXN00857,30/6/2024,Finance,Southern,Software Subscription,27461,Cost
TXN00858,20/6/2025,HR,Central,Training Expense,12858,Cost
TXN00859,5/1/2024,HR,Northern,Training Expense,24563,Cost
TXN00860,15/11/2025,Operations,Southern,Maintenance Expense,9077,Cost
TXN00861,15/5/2025,HR,Southern,Salary Expense,14986,Cost
TXN00862,23/6/2024,HR,Southern,Salary Expense,26959,Cost
TXN00863,28/9/2024,Sales,Central,Product Sales,15547,Revenue
TXN00864,25/6/2025,Sales,Central,Commission Expense,26791,Cost
TXN00865,29/5/2025,HR,Central,Training Expense,13432,Cost
TXN00866,27/11/2024,HR,Central,Salary Expense,11838,Cost
TXN00867,28/9/2025,Marketing,Central,Campaign Revenue,47119,Revenue
TXN00868,2/1/2024,Marketing,Southern,Campaign Revenue,32030,Revenue
TXN00869,9/6/2025,Sales,Central,Commission Expense,18818,Cost
TXN00870,24/3/2024,Finance,Northern,Audit Expense,27970,Cost
TXN00871,23/10/2024,Operations,Northern,Logistics Expense,22892,Cost
TXN00872,15/3/2025,Finance,Southern,Consulting Revenue,50772,Revenue
TXN00873,16/9/2025,HR,Northern,Training Expense,21203,Cost
TXN00874,11/10/2025,Sales,Northern,Commission Expense,14999,Cost
TXN00875,25/12/2025,Sales,Central,Commission Expense,28881,Cost
TXN00876,4/6/2025,HR,Central,Training Expense,11741,Cost
TXN00877,18/2/2025,Finance,Southern,Software Subscription,13767,Cost
TXN00878,14/10/2025,Sales,Southern,Product Sales,53174,Revenue
TXN00879,28/8/2025,Finance,Northern,Audit Expense,25827,Cost
TXN00880,14/1/2025,Operations,Central,Logistics Expense,29635,Cost
TXN00881,3/1/2024,Finance,Southern,Service Revenue,20913,Revenue
TXN00882,16/5/2025,HR,Northern,Training Expense,27505,Cost
TXN00883,31/7/2024,Marketing,Northern,Campaign Revenue,42192,Revenue
TXN00884,10/9/2024,Operations,Central,Logistics Expense,28965,Cost
TXN00885,2/7/2025,Marketing,Central,Advertising Expense,5315,Cost
TXN00886,30/3/2024,Sales,Southern,Product Sales,29813,Revenue
TXN00887,9/4/2025,Sales,Northern,Commission Expense,24446,Cost
TXN00888,7/4/2024,Marketing,Southern,Advertising Expense,10147,Cost
TXN00889,22/8/2025,Sales,Southern,Commission Expense,22497,Cost
TXN00890,29/2/2024,Marketing,Northern,Campaign Revenue,57730,Revenue
TXN00891,14/3/2025,Sales,Southern,Product Sales,8345,Revenue
TXN00892,20/12/2025,Marketing,Central,Advertising Expense,15912,Cost
TXN00893,5/2/2024,Finance,Central,Service Revenue,12508,Revenue
TXN00894,29/7/2024,HR,Southern,Training Expense,21805,Cost
TXN00895,1/7/2024,HR,Central,Salary Expense,12792,Cost
TXN00896,19/1/2024,Sales,Southern,Commission Expense,28120,Cost
TXN00897,7/11/2024,Finance,Central,Service Revenue,45511,Revenue
TXN00898,2/12/2025,Sales,Central,Product Sales,29824,Revenue
TXN00899,10/5/2025,Operations,Central,Maintenance Expense,17835,Cost
TXN00900,31/12/2024,HR,Central,Salary Expense,15570,Cost
TXN00901,3/4/2025,Marketing,Northern,Advertising Expense,6059,Cost
TXN00902,26/7/2024,Operations,Southern,Maintenance Expense,27305,Cost
TXN00903,8/3/2025,Marketing,Northern,Campaign Revenue,58560,Revenue
TXN00904,5/4/2024,Marketing,Southern,Campaign Revenue,32332,Revenue
TXN00905,22/8/2025,Operations,Northern,Maintenance Expense,7327,Cost
TXN00906,9/7/2024,HR,Southern,Training Expense,26630,Cost
TXN00907,25/5/2025,HR,Southern,Training Expense,5826,Cost
TXN00908,22/6/2025,Sales,Central,Product Sales,17318,Revenue
TXN00909,18/10/2024,HR,Southern,Training Expense,24606,Cost
TXN00910,26/8/2025,Marketing,Southern,Campaign Revenue,24241,Revenue
TXN00911,10/3/2025,Sales,Southern,Product Sales,63888,Revenue
TXN00912,29/7/2025,Operations,Central,Maintenance Expense,6824,Cost
TXN00913,14/6/2025,Sales,Southern,Commission Expense,6680,Cost
TXN00914,20/6/2025,Finance,Central,Consulting Revenue,27971,Revenue
TXN00915,14/3/2024,Operations,Northern,Maintenance Expense,18261,Cost
TXN00916,10/12/2024,Operations,Southern,Logistics Expense,14635,Cost
TXN00917,2/10/2024,HR,Northern,Salary Expense,18074,Cost
TXN00918,5/12/2024,Marketing,Central,Campaign Revenue,59159,Revenue
TXN00919,23/5/2025,Operations,Northern,Logistics Expense,28405,Cost
TXN00920,15/5/2024,Sales,Southern,Product Sales,46832,Revenue
TXN00921,21/7/2024,Sales,Northern,Product Sales,16654,Revenue
TXN00922,8/2/2025,Marketing,Northern,Campaign Revenue,57716,Revenue
TXN00923,12/5/2024,Operations,Southern,Logistics Expense,20441,Cost
TXN00924,15/9/2025,Sales,Southern,Commission Expense,12050,Cost
TXN00925,8/7/2025,HR,Northern,Salary Expense,12257,Cost
TXN00926,19/9/2024,Operations,Southern,Logistics Expense,9084,Cost
TXN00927,20/3/2024,Sales,Central,Commission Expense,7599,Cost
TXN00928,28/9/2025,Marketing,Central,Advertising Expense,26505,Cost
TXN00929,7/8/2025,Finance,Southern,Consulting Revenue,56618,Revenue
TXN00930,7/12/2025,Operations,Central,Maintenance Expense,16991,Cost
TXN00931,8/5/2024,HR,Central,Training Expense,15230,Cost
TXN00932,27/6/2025,Marketing,Central,Advertising Expense,7196,Cost
TXN00933,7/12/2024,Operations,Southern,Logistics Expense,23552,Cost
TXN00934,21/7/2024,Finance,Central,Audit Expense,5985,Cost
TXN00935,27/1/2025,Marketing,Northern,Campaign Revenue,23771,Revenue
TXN00936,11/6/2025,Marketing,Central,Campaign Revenue,38297,Revenue
TXN00937,15/12/2025,Finance,Central,Software Subscription,12948,Cost
TXN00938,14/3/2025,Sales,Northern,Commission Expense,6321,Cost
TXN00939,27/7/2025,Marketing,Northern,Campaign Revenue,37622,Revenue
TXN00940,25/7/2025,Sales,Southern,Commission Expense,17596,Cost
TXN00941,7/6/2024,Finance,Northern,Service Revenue,29447,Revenue
TXN00942,7/10/2025,Sales,Northern,Product Sales,46598,Revenue
TXN00943,14/6/2024,Sales,Northern,Product Sales,14321,Revenue
TXN00944,24/7/2025,HR,Southern,Salary Expense,21341,Cost
TXN00945,14/1/2024,Sales,Central,Product Sales,34707,Revenue
TXN00946,29/7/2024,HR,Northern,Training Expense,14341,Cost
TXN00947,27/5/2024,HR,Northern,Training Expense,6325,Cost
TXN00948,2/7/2025,Finance,Central,Software Subscription,7148,Cost
TXN00949,5/8/2024,Operations,Southern,Maintenance Expense,6687,Cost
TXN00950,31/3/2024,Marketing,Central,Campaign Revenue,49937,Revenue
TXN00951,9/10/2025,Marketing,Northern,Campaign Revenue,54444,Revenue
TXN00952,4/5/2024,Finance,Northern,Service Revenue,12371,Revenue
TXN00953,17/3/2025,Marketing,Central,Campaign Revenue,36783,Revenue
TXN00954,29/1/2024,Marketing,Southern,Campaign Revenue,12746,Revenue
TXN00955,22/2/2024,Operations,Southern,Maintenance Expense,21094,Cost
TXN00956,14/11/2025,Finance,Southern,Audit Expense,24197,Cost
TXN00957,11/1/2025,Sales,Northern,Product Sales,33173,Revenue
TXN00958,2/5/2024,Operations,Northern,Maintenance Expense,25876,Cost
TXN00959,20/6/2025,Finance,Central,Consulting Revenue,27986,Revenue
TXN00960,20/12/2024,Operations,Northern,Maintenance Expense,21686,Cost
TXN00961,30/1/2024,Marketing,Southern,Campaign Revenue,23469,Revenue
TXN00962,12/6/2025,Sales,Central,Product Sales,39186,Revenue
TXN00963,22/7/2025,Sales,Southern,Product Sales,53123,Revenue
TXN00964,11/5/2024,Operations,Southern,Logistics Expense,14291,Cost
TXN00965,11/11/2024,Finance,Southern,Service Revenue,12908,Revenue
TXN00966,2/4/2025,Operations,Central,Maintenance Expense,27268,Cost
TXN00967,6/7/2024,Sales,Northern,Product Sales,16065,Revenue
TXN00968,19/9/2025,Operations,Central,Maintenance Expense,9164,Cost
TXN00969,27/2/2024,Operations,Central,Maintenance Expense,7508,Cost
TXN00970,21/3/2024,Marketing,Southern,Campaign Revenue,34549,Revenue
TXN00971,30/10/2025,Operations,Southern,Maintenance Expense,17899,Cost
TXN00972,21/12/2024,Operations,Central,Logistics Expense,15514,Cost
TXN00973,6/6/2024,Operations,Northern,Maintenance Expense,12024,Cost
TXN00974,18/8/2024,Finance,Central,Service Revenue,41157,Revenue
TXN00975,24/4/2024,Finance,Central,Service Revenue,24162,Revenue
TXN00976,27/10/2024,Operations,Central,Maintenance Expense,19610,Cost
TXN00977,19/4/2025,Operations,Southern,Logistics Expense,19141,Cost
TXN00978,28/2/2025,HR,Northern,Salary Expense,22838,Cost
TXN00979,19/11/2024,HR,Northern,Salary Expense,7341,Cost
TXN00980,10/10/2024,Marketing,Northern,Campaign Revenue,41537,Revenue
TXN00981,1/11/2025,Operations,Southern,Logistics Expense,7957,Cost
TXN00982,21/8/2025,HR,Central,Salary Expense,28167,Cost
TXN00983,11/4/2025,Sales,Northern,Product Sales,26241,Revenue
TXN00984,18/12/2025,HR,Central,Training Expense,13300,Cost
TXN00985,24/3/2025,Marketing,Southern,Advertising Expense,26926,Cost
TXN00986,28/3/2024,Finance,Central,Service Revenue,49605,Revenue
TXN00987,23/3/2025,Sales,Southern,Commission Expense,14053,Cost
TXN00988,20/1/2025,Sales,Southern,Product Sales,27209,Revenue
TXN00989,26/6/2024,Sales,Central,Product Sales,61176,Revenue
TXN00990,21/9/2025,Finance,Northern,Service Revenue,52839,Revenue
TXN00991,14/8/2024,Finance,Northern,Audit Expense,14052,Cost
TXN00992,6/10/2025,HR,Central,Training Expense,13410,Cost
TXN00993,2/9/2025,Sales,Central,Commission Expense,14166,Cost
TXN00994,11/1/2025,Marketing,Southern,Campaign Revenue,11524,Revenue
TXN00995,12/7/2025,HR,Central,Salary Expense,8527,Cost
TXN00996,10/3/2025,Finance,Northern,Service Revenue,31842,Revenue
TXN00997,17/12/2024,Finance,Central,Service Revenue,9917,Revenue
TXN00998,2/10/2024,Finance,Southern,Service Revenue,29653,Revenue
TXN00999,10/5/2025,Operations,Northern,Maintenance Expense,28486,Cost
TXN01000,27/4/2025,Marketing,Northern,Advertising Expense,16740,Cost
